,contamination,outliergram,muod,ms,msa
0,0.01,0.9952380952380953,0.9714285714285714,1.0,0.9952380952380953
1,0.02,1.0,0.9476190476190476,0.9904761904761905,0.9952380952380953
