,contamination,outliergram,muod,ms,msa
0,0.0,1.0,0.9380952380952381,0.9761904761904762,1.0
1,0.01,0.9952380952380953,0.9476190476190476,1.0,0.9952380952380953
2,0.02,1.0,0.9476190476190476,0.9904761904761905,0.9952380952380953
3,0.05,0.9904761904761905,0.9666666666666667,0.9619047619047619,0.9952380952380953
4,0.1,0.9904761904761905,0.9761904761904762,0.9666666666666667,0.9904761904761905
5,0.2,0.9619047619047619,0.9904761904761905,0.9571428571428572,0.9619047619047619
