,contamination,outliergram,muod,ms,msa
0,0.01,0.004761904761904745,0.02857142857142858,0.0,0.004761904761904745
1,0.02,0.0,0.05238095238095242,0.00952380952380949,0.004761904761904745
